id,target_company,acquirer,sector,subsector,geography,announcement_date,deal_value_musd,revenue_musd,ebitda_musd,ev_revenue_multiple,ev_ebitda_multiple,buyer_type,deal_type,target_description,rationale,source_quality_score,confidence_score
1,Ridge Medical,Meridian Financial Group,Healthcare Services,Specialty Physician,North America,2021-01-23,716.0,211.5,,3.64,,Strategic,Platform,Ridge Medical is a fictional specialty physician company serving middle-market customers.,"Adds proprietary data, workflow depth, or specialized talent that improves competitive positioning.",0.7,0.83
2,Kite Brands,Pacific Consolidated,Consumer,Food & Beverage,United Kingdom,2021-02-18,645.9,375.4,52.1,1.82,14.16,Corporate,Add-on,Kite Brands is a fictional food & beverage company serving middle-market customers.,"Adds proprietary data, workflow depth, or specialized talent that improves competitive positioning.",0.65,0.74
3,Ridge Automation,Longview Legacy Partners,Industrials,Specialty Manufacturing,North America,2021-02-25,479.0,186.1,22.3,3.01,14.46,Family Office,Add-on,Ridge Automation is a fictional specialty manufacturing company serving middle-market customers.,Combines complementary customer relationships and increases density in priority geographies.,0.87,0.87
4,Forge Financial,Stonebridge Equity,Financial Services,Insurance Brokerage,APAC,2021-03-07,2351.9,627.3,118.8,3.58,19.34,Sponsor,Take-private,Forge Financial is a fictional insurance brokerage company serving middle-market customers.,"Adds proprietary data, workflow depth, or specialized talent that improves competitive positioning.",0.72,0.71
5,Yardley Partners,Longview Legacy Partners,Business Services,BPO,APAC,2021-03-07,1552.9,566.8,99.4,3.9,11.9,Family Office,Add-on,Yardley Partners is a fictional bpo company serving middle-market customers.,Accelerates entry into a higher-growth subsector with attractive margin expansion potential.,0.98,0.69
6,Yardley Energy,Apex Systems Holdings,Energy Transition,Battery Services,United Kingdom,2021-03-15,570.7,153.6,19.5,5.84,17.02,Strategic,Platform,Yardley Energy is a fictional battery services company serving middle-market customers.,Combines complementary customer relationships and increases density in priority geographies.,0.9,0.75
7,Drift Events,Westlake Sponsor Group,Media & Entertainment,Creator Tools,Western Europe,2021-03-23,2400.2,812.0,186.9,2.78,15.43,Sponsor,Platform,Drift Events is a fictional creator tools company serving middle-market customers.,Broadens product capabilities and strengthens the acquirer's vertical specialization.,0.81,0.9
8,Kite Education,Longview Legacy Partners,Education,Professional Learning,Nordics,2021-04-18,192.7,,11.4,,15.57,Family Office,Merger,Kite Education is a fictional professional learning company serving middle-market customers.,Broadens product capabilities and strengthens the acquirer's vertical specialization.,0.67,0.8
9,Yardley Spa Group,BrightPath Learning,Beauty & Wellness,Personal Care Brands,Western Europe,2021-05-03,971.5,375.8,59.4,3.38,14.53,Strategic,Add-on,Yardley Spa Group is a fictional personal care brands company serving middle-market customers.,Creates a regional consolidation platform in a fragmented market with clear add-on potential.,0.74,0.83
10,Drift Logic,Arbor Ridge Capital,Software,Cybersecurity,United Kingdom,2021-04-27,2147.6,609.8,117.0,4.76,14.5,Sponsor,Merger,Drift Logic is a fictional cybersecurity company serving middle-market customers.,Provides scale benefits and creates a stronger platform for strategic or sponsor exit optionality.,0.71,0.8
11,Vector Care,Northstar Health Group,Healthcare Services,Revenue Cycle,North America,2021-05-27,1126.8,382.3,,2.9,,Strategic,Platform,Vector Care is a fictional revenue cycle company serving middle-market customers.,Provides scale benefits and creates a stronger platform for strategic or sponsor exit optionality.,0.67,0.7
12,Terra Goods,Northstar Health Group,Consumer,Specialty Retail,North America,2021-05-31,1561.2,,,,,Strategic,Add-on,Terra Goods is a fictional specialty retail company serving middle-market customers.,"Adds proprietary data, workflow depth, or specialized talent that improves competitive positioning.",0.94,0.69
13,Terra Works,Search Fund Partners,Industrials,Automation,Western Europe,2021-06-22,1845.8,673.4,101.0,3.11,14.13,Other,Add-on,Terra Works is a fictional automation company serving middle-market customers.,Supports a buy-and-build strategy with operational synergies and procurement leverage.,0.64,0.83
14,Vector Capital Services,Juniper Family Capital,Financial Services,Compliance Tech,Western Europe,2021-06-09,2198.7,817.8,,2.67,,Family Office,Carve-out,Vector Capital Services is a fictional compliance tech company serving middle-market customers.,"Adds proprietary data, workflow depth, or specialized talent that improves competitive positioning.",0.86,0.83
15,Forge Operations,Founder Consortium,Business Services,Consulting,Latin America,2021-07-10,1289.3,616.7,94.6,2.34,13.56,Other,Merger,Forge Operations is a fictional consulting company serving middle-market customers.,Creates a regional consolidation platform in a fragmented market with clear add-on potential.,0.81,0.81
16,Juniper Solar,Management Investor Group,Energy Transition,EV Infrastructure,APAC,2021-07-07,,331.8,42.1,,,Other,Platform,Juniper Solar is a fictional ev infrastructure company serving middle-market customers.,Broadens product capabilities and strengthens the acquirer's vertical specialization.,0.72,0.93
17,Noble Interactive,Meridian Financial Group,Media & Entertainment,Gaming Services,APAC,2021-07-30,717.6,201.1,29.1,4.72,18.03,Strategic,Platform,Noble Interactive is a fictional gaming services company serving middle-market customers.,Supports a buy-and-build strategy with operational synergies and procurement leverage.,0.9,0.85
18,Lumen Academy,Summit Media Network,Education,K-12 Services,North America,2021-08-08,1722.0,608.1,,1.98,,Strategic,Platform,Lumen Academy is a fictional k-12 services company serving middle-market customers.,Supports a buy-and-build strategy with operational synergies and procurement leverage.,0.94,0.9
19,Aster Aesthetics,Juniper Family Capital,Beauty & Wellness,Medical Spa,APAC,2021-08-23,717.3,233.1,32.3,4.33,15.74,Family Office,Platform,Aster Aesthetics is a fictional medical spa company serving middle-market customers.,Supports a buy-and-build strategy with operational synergies and procurement leverage.,0.9,0.78
20,Umbra Analytics,Northstar Health Group,Software,Cybersecurity,North America,2021-08-25,5436.4,744.9,262.0,6.05,24.02,Strategic,Add-on,Umbra Analytics is a fictional cybersecurity company serving middle-market customers.,Creates a regional consolidation platform in a fragmented market with clear add-on potential.,0.97,0.73
21,Helio Partners,Ironcrest Partners,Healthcare Services,Dental Services,Western Europe,2021-08-24,416.9,122.8,33.8,1.88,18.18,Sponsor,Add-on,Helio Partners is a fictional dental services company serving middle-market customers.,"Adds proprietary data, workflow depth, or specialized talent that improves competitive positioning.",0.94,0.7
22,Ivy Products,Atlas Enterprise Group,Consumer,Food & Beverage,North America,2021-09-20,2424.3,788.8,,3.57,,Corporate,Take-private,Ivy Products is a fictional food & beverage company serving middle-market customers.,Combines complementary customer relationships and increases density in priority geographies.,0.8,0.86
23,Yardley Automation,Mariner Growth Partners,Industrials,Packaging,North America,2021-10-02,452.1,132.6,22.4,3.85,14.81,Sponsor,Add-on,Yardley Automation is a fictional packaging company serving middle-market customers.,Supports a buy-and-build strategy with operational synergies and procurement leverage.,0.79,0.79
24,Granite Financial,Stonebridge Equity,Financial Services,Wealth Management,North America,2021-10-17,415.7,97.7,24.7,4.77,12.98,Sponsor,Add-on,Granite Financial is a fictional wealth management company serving middle-market customers.,Provides scale benefits and creates a stronger platform for strategic or sponsor exit optionality.,0.84,0.89
25,Orion Services,Hudson Vale Capital,Business Services,Human Capital,North America,2021-10-29,1246.8,600.4,113.6,1.88,14.51,Sponsor,Merger,Orion Services is a fictional human capital company serving middle-market customers.,Provides scale benefits and creates a stronger platform for strategic or sponsor exit optionality.,0.64,0.72
26,Terra Mobility,Westlake Sponsor Group,Energy Transition,Solar Services,APAC,2021-11-08,1751.1,464.6,90.6,3.65,20.33,Sponsor,Growth recapitalization,Terra Mobility is a fictional solar services company serving middle-market customers.,Provides scale benefits and creates a stronger platform for strategic or sponsor exit optionality.,0.78,0.89
27,Kite Interactive,Lattice Global,Media & Entertainment,Creator Tools,United Kingdom,2021-11-13,898.3,543.2,72.8,1.92,12.0,Corporate,Growth recapitalization,Kite Interactive is a fictional creator tools company serving middle-market customers.,Creates a regional consolidation platform in a fragmented market with clear add-on potential.,0.77,0.75
28,Noble Education,Hudson Vale Capital,Education,Test Prep,APAC,2021-11-22,1408.1,348.1,81.2,5.57,9.36,Sponsor,Merger,Noble Education is a fictional test prep company serving middle-market customers.,"Adds proprietary data, workflow depth, or specialized talent that improves competitive positioning.",0.81,0.88
29,Aster Spa Group,Sage Rock Holdings,Beauty & Wellness,Personal Care Brands,North America,2021-11-27,772.5,252.4,52.3,2.78,14.06,Family Office,Add-on,Aster Spa Group is a fictional personal care brands company serving middle-market customers.,Adds recurring revenue and expands cross-sell opportunities across an installed customer base.,0.65,0.78
30,Vector Cloud,Meridian Financial Group,Software,FinTech Software,Nordics,2021-12-13,1928.8,297.1,80.5,7.0,24.88,Strategic,Platform,Vector Cloud is a fictional fintech software company serving middle-market customers.,Supports a buy-and-build strategy with operational synergies and procurement leverage.,0.7,0.66
31,Signal Health,Pacific Consolidated,Healthcare Services,Specialty Physician,Western Europe,2021-12-18,1596.2,717.8,157.5,2.09,12.51,Corporate,Merger,Signal Health is a fictional specialty physician company serving middle-market customers.,Creates a regional consolidation platform in a fragmented market with clear add-on potential.,0.9,0.69
32,Granite Market,Apex Systems Holdings,Consumer,Outdoor Goods,APAC,2022-01-01,1421.5,501.3,113.9,2.44,15.69,Strategic,Carve-out,Granite Market is a fictional outdoor goods company serving middle-market customers.,Creates a regional consolidation platform in a fragmented market with clear add-on potential.,0.91,0.83
33,Yardley Components,Redwood Harbor Capital,Industrials,Automation,North America,2022-01-24,916.9,332.6,60.1,2.09,16.27,Sponsor,Growth recapitalization,Yardley Components is a fictional automation company serving middle-market customers.,Combines complementary customer relationships and increases density in priority geographies.,0.84,0.94
34,Kite Risk,Mariner Growth Partners,Financial Services,Specialty Lending,APAC,2022-01-24,2823.4,728.1,225.4,2.26,18.29,Sponsor,Platform,Kite Risk is a fictional specialty lending company serving middle-market customers.,Accelerates entry into a higher-growth subsector with attractive margin expansion potential.,0.75,0.73
35,Cedar Partners,Longview Legacy Partners,Business Services,Consulting,Nordics,2022-02-11,93.7,36.3,9.2,1.44,13.94,Family Office,Platform,Cedar Partners is a fictional consulting company serving middle-market customers.,Accelerates entry into a higher-growth subsector with attractive margin expansion potential.,0.77,0.72
36,Lumen Renewables,Ironcrest Partners,Energy Transition,Efficiency Services,Latin America,2022-02-18,2867.9,847.2,164.0,3.95,16.64,Sponsor,Growth recapitalization,Lumen Renewables is a fictional efficiency services company serving middle-market customers.,Accelerates entry into a higher-growth subsector with attractive margin expansion potential.,0.7,0.8
37,Willow Media,Search Fund Partners,Media & Entertainment,Gaming Services,United Kingdom,2022-02-19,1801.0,712.4,,3.31,,Other,Growth recapitalization,Willow Media is a fictional gaming services company serving middle-market customers.,Creates a regional consolidation platform in a fragmented market with clear add-on potential.,0.93,0.83
38,Signal Academy,Ironcrest Partners,Education,Test Prep,Nordics,2022-03-04,2389.5,821.6,123.6,5.34,10.23,Sponsor,Merger,Signal Academy is a fictional test prep company serving middle-market customers.,Creates a regional consolidation platform in a fragmented market with clear add-on potential.,0.98,0.68
39,Orion Wellness,Hudson Vale Capital,Beauty & Wellness,Wellness Services,APAC,2022-04-03,1656.8,457.6,92.0,3.07,16.79,Sponsor,Platform,Orion Wellness is a fictional wellness services company serving middle-market customers.,Accelerates entry into a higher-growth subsector with attractive margin expansion potential.,0.72,0.67
40,Noble Logic,Northstar Health Group,Software,Cybersecurity,APAC,2022-03-26,190.0,30.2,8.2,9.36,16.93,Strategic,Growth recapitalization,Noble Logic is a fictional cybersecurity company serving middle-market customers.,Accelerates entry into a higher-growth subsector with attractive margin expansion potential.,0.77,0.82
41,Forge Clinics,Juniper Family Capital,Healthcare Services,Behavioral Health,Western Europe,2022-04-03,310.8,77.0,19.0,3.44,15.61,Family Office,Add-on,Forge Clinics is a fictional behavioral health company serving middle-market customers.,Creates a regional consolidation platform in a fragmented market with clear add-on potential.,0.84,0.93
42,Yardley Foods,Arbor Ridge Capital,Consumer,Outdoor Goods,Western Europe,2022-04-14,636.8,216.2,42.0,4.16,13.64,Sponsor,Add-on,Yardley Foods is a fictional outdoor goods company serving middle-market customers.,Combines complementary customer relationships and increases density in priority geographies.,0.69,0.83
43,Mosaic Works,Evergreen Holding Co.,Industrials,Testing & Inspection,Western Europe,2022-05-04,510.5,363.7,56.3,1.36,9.66,Other,Add-on,Mosaic Works is a fictional testing & inspection company serving middle-market customers.,Supports a buy-and-build strategy with operational synergies and procurement leverage.,0.66,0.89
44,Elm Capital Services,Atlas Enterprise Group,Financial Services,Compliance Tech,North America,2022-05-25,2121.7,742.6,180.6,2.11,13.67,Corporate,Add-on,Elm Capital Services is a fictional compliance tech company serving middle-market customers.,Provides scale benefits and creates a stronger platform for strategic or sponsor exit optionality.,0.66,0.96
45,Mosaic Group,Pacific Consolidated,Business Services,BPO,Western Europe,2022-05-24,1268.3,480.8,,1.46,,Corporate,Add-on,Mosaic Group is a fictional bpo company serving middle-market customers.,Provides scale benefits and creates a stronger platform for strategic or sponsor exit optionality.,0.97,0.72
46,Willow Solar,BlueRiver Industrials,Energy Transition,Efficiency Services,United Kingdom,2022-06-14,2405.5,445.8,111.2,7.13,13.39,Strategic,Take-private,Willow Solar is a fictional efficiency services company serving middle-market customers.,Provides scale benefits and creates a stronger platform for strategic or sponsor exit optionality.,0.93,0.79
47,Orion Interactive,Redwood Harbor Capital,Media & Entertainment,Live Events,North America,2022-06-20,3372.6,794.8,182.1,6.22,12.42,Sponsor,Growth recapitalization,Orion Interactive is a fictional live events company serving middle-market customers.,Broadens product capabilities and strengthens the acquirer's vertical specialization.,0.8,0.65
48,Prairie Skills,Search Fund Partners,Education,Professional Learning,North America,2022-06-20,2331.1,746.6,134.7,3.86,12.38,Other,Growth recapitalization,Prairie Skills is a fictional professional learning company serving middle-market customers.,Creates a regional consolidation platform in a fragmented market with clear add-on potential.,0.93,0.92
49,Aster Wellness,Ironcrest Partners,Beauty & Wellness,Personal Care Brands,North America,2022-07-18,1972.7,618.8,158.8,4.81,9.85,Sponsor,Platform,Aster Wellness is a fictional personal care brands company serving middle-market customers.,Creates a regional consolidation platform in a fragmented market with clear add-on potential.,0.78,0.87
50,Orion Systems,Apex Systems Holdings,Software,Vertical SaaS,United Kingdom,2022-07-18,1882.1,322.7,85.9,6.38,18.56,Strategic,Add-on,Orion Systems is a fictional vertical saas company serving middle-market customers.,Broadens product capabilities and strengthens the acquirer's vertical specialization.,0.7,0.85
51,Beacon Clinics,Apex Systems Holdings,Healthcare Services,Revenue Cycle,Western Europe,2022-08-14,1038.7,410.4,68.1,3.26,8.97,Strategic,Add-on,Beacon Clinics is a fictional revenue cycle company serving middle-market customers.,"Adds proprietary data, workflow depth, or specialized talent that improves competitive positioning.",0.93,0.68
52,Yardley Foods,Mariner Growth Partners,Consumer,Specialty Retail,APAC,2022-08-22,809.8,270.7,64.1,3.44,10.73,Sponsor,Merger,Yardley Foods is a fictional specialty retail company serving middle-market customers.,Accelerates entry into a higher-growth subsector with attractive margin expansion potential.,0.84,0.76
53,Prairie Manufacturing,Stonebridge Equity,Industrials,Engineered Components,North America,2022-08-31,214.0,107.9,21.3,1.16,15.75,Sponsor,Platform,Prairie Manufacturing is a fictional engineered components company serving middle-market customers.,Supports a buy-and-build strategy with operational synergies and procurement leverage.,0.81,0.94
54,Drift Risk,Summit Media Network,Financial Services,Wealth Management,Latin America,2022-09-16,1184.8,270.6,85.7,5.72,13.21,Strategic,Take-private,Drift Risk is a fictional wealth management company serving middle-market customers.,Supports a buy-and-build strategy with operational synergies and procurement leverage.,0.65,0.77
55,Aster Group,Westlake Sponsor Group,Business Services,Consulting,APAC,2022-09-13,,581.1,124.4,,,Sponsor,Add-on,Aster Group is a fictional consulting company serving middle-market customers.,Creates a regional consolidation platform in a fragmented market with clear add-on potential.,0.85,0.79
56,Helio Renewables,Cobalt Peak Partners,Energy Transition,Grid Software,North America,2022-09-17,263.2,65.3,6.9,7.95,12.5,Sponsor,Growth recapitalization,Helio Renewables is a fictional grid software company serving middle-market customers.,Broadens product capabilities and strengthens the acquirer's vertical specialization.,0.94,0.86
57,Forge Network,Mariner Growth Partners,Media & Entertainment,Live Events,North America,2022-09-25,1448.3,595.4,74.3,3.7,12.39,Sponsor,Add-on,Forge Network is a fictional live events company serving middle-market customers.,Creates a regional consolidation platform in a fragmented market with clear add-on potential.,0.96,0.91
58,Ridge Skills,Lattice Global,Education,Workforce Training,Nordics,2022-10-05,259.8,69.6,11.4,5.9,15.19,Corporate,Growth recapitalization,Ridge Skills is a fictional workforce training company serving middle-market customers.,Adds recurring revenue and expands cross-sell opportunities across an installed customer base.,0.72,0.96
59,Kite Life,Stonebridge Equity,Beauty & Wellness,Skincare,Western Europe,2022-10-19,917.4,571.4,71.2,1.34,16.2,Sponsor,Growth recapitalization,Kite Life is a fictional skincare company serving middle-market customers.,Provides scale benefits and creates a stronger platform for strategic or sponsor exit optionality.,0.78,0.76
60,Drift Labs,BrightPath Learning,Software,DevOps,North America,2022-11-03,6069.0,805.1,151.9,10.97,24.7,Strategic,Platform,Drift Labs is a fictional devops company serving middle-market customers.,Provides scale benefits and creates a stronger platform for strategic or sponsor exit optionality.,0.65,0.67
61,Lumen Care,HarborPoint Brands,Healthcare Services,Dental Services,APAC,2022-11-15,1722.7,541.2,115.6,3.86,11.69,Strategic,Carve-out,Lumen Care is a fictional dental services company serving middle-market customers.,Accelerates entry into a higher-growth subsector with attractive margin expansion potential.,0.77,0.93
62,Quartz Brands,Summit Media Network,Consumer,Specialty Retail,North America,2022-11-30,720.3,369.9,41.9,2.62,13.31,Strategic,Growth recapitalization,Quartz Brands is a fictional specialty retail company serving middle-market customers.,Supports a buy-and-build strategy with operational synergies and procurement leverage.,0.91,0.82
63,Cedar Works,Search Fund Partners,Industrials,Specialty Manufacturing,Western Europe,2022-12-20,370.0,128.5,20.5,3.1,14.28,Other,Platform,Cedar Works is a fictional specialty manufacturing company serving middle-market customers.,Provides scale benefits and creates a stronger platform for strategic or sponsor exit optionality.,0.7,0.68
64,Noble Payments,Mariner Growth Partners,Financial Services,Compliance Tech,North America,2022-12-28,944.0,213.9,50.7,4.55,17.18,Sponsor,Add-on,Noble Payments is a fictional compliance tech company serving middle-market customers.,Combines complementary customer relationships and increases density in priority geographies.,0.95,0.76
65,Quartz Group,Sage Rock Holdings,Business Services,IT Services,Nordics,2022-12-23,295.5,144.6,30.2,1.27,14.14,Family Office,Carve-out,Quartz Group is a fictional it services company serving middle-market customers.,Creates a regional consolidation platform in a fragmented market with clear add-on potential.,0.94,0.69
66,Prairie Renewables,Northstar Health Group,Energy Transition,Efficiency Services,Western Europe,2023-01-09,1449.8,392.2,67.5,5.67,14.96,Strategic,Growth recapitalization,Prairie Renewables is a fictional efficiency services company serving middle-market customers.,Adds recurring revenue and expands cross-sell opportunities across an installed customer base.,0.7,0.96
67,Cedar Events,Meridian Financial Group,Media & Entertainment,Digital Media,Western Europe,2023-01-18,1688.0,658.8,,3.04,,Strategic,Growth recapitalization,Cedar Events is a fictional digital media company serving middle-market customers.,Supports a buy-and-build strategy with operational synergies and procurement leverage.,0.65,0.92
68,Prairie Education,Westlake Sponsor Group,Education,Workforce Training,APAC,2023-01-25,2612.8,736.7,,4.16,,Sponsor,Merger,Prairie Education is a fictional workforce training company serving middle-market customers.,Creates a regional consolidation platform in a fragmented market with clear add-on potential.,0.78,0.67
69,Ivy Beauty,Cobalt Peak Partners,Beauty & Wellness,Wellness Services,United Kingdom,2023-02-15,2175.1,743.6,189.0,2.23,16.11,Sponsor,Take-private,Ivy Beauty is a fictional wellness services company serving middle-market customers.,Broadens product capabilities and strengthens the acquirer's vertical specialization.,0.71,0.69
70,Quartz Analytics,HarborPoint Brands,Software,Cybersecurity,United Kingdom,2023-03-10,5183.7,652.0,127.2,12.7,21.48,Strategic,Carve-out,Quartz Analytics is a fictional cybersecurity company serving middle-market customers.,Supports a buy-and-build strategy with operational synergies and procurement leverage.,0.67,0.66
71,Beacon Medical,Mariner Growth Partners,Healthcare Services,Revenue Cycle,Western Europe,2023-03-15,171.0,74.2,,2.46,,Sponsor,Add-on,Beacon Medical is a fictional revenue cycle company serving middle-market customers.,Adds recurring revenue and expands cross-sell opportunities across an installed customer base.,0.78,0.91
72,Helio Foods,Summit Media Network,Consumer,Pet Products,Latin America,2023-03-24,233.4,152.0,16.5,1.51,15.33,Strategic,Add-on,Helio Foods is a fictional pet products company serving middle-market customers.,Broadens product capabilities and strengthens the acquirer's vertical specialization.,0.75,0.94
73,Willow Controls,Ironcrest Partners,Industrials,Testing & Inspection,APAC,2023-04-09,1204.6,519.5,114.5,3.11,9.63,Sponsor,Add-on,Willow Controls is a fictional testing & inspection company serving middle-market customers.,Broadens product capabilities and strengthens the acquirer's vertical specialization.,0.95,0.74
74,Elm Risk,Northstar Health Group,Financial Services,Specialty Lending,Western Europe,2023-04-08,1594.7,487.4,134.4,3.51,10.15,Strategic,Platform,Elm Risk is a fictional specialty lending company serving middle-market customers.,Combines complementary customer relationships and increases density in priority geographies.,0.68,0.71
75,Willow Services,HarborPoint Brands,Business Services,Human Capital,Western Europe,2023-04-14,253.1,91.4,,1.52,,Strategic,Platform,Willow Services is a fictional human capital company serving middle-market customers.,Broadens product capabilities and strengthens the acquirer's vertical specialization.,0.92,0.89
76,Terra Grid,Atlas Enterprise Group,Energy Transition,EV Infrastructure,North America,2023-05-04,1975.6,327.5,72.8,7.97,17.18,Corporate,Merger,Terra Grid is a fictional ev infrastructure company serving middle-market customers.,Provides scale benefits and creates a stronger platform for strategic or sponsor exit optionality.,0.79,0.73
77,Vector Studios,Redwood Harbor Capital,Media & Entertainment,Live Events,North America,2023-05-07,1842.1,699.5,152.6,2.31,12.55,Sponsor,Growth recapitalization,Vector Studios is a fictional live events company serving middle-market customers.,Combines complementary customer relationships and increases density in priority geographies.,0.78,0.81
78,Quartz Learning,BlueRiver Industrials,Education,Test Prep,APAC,2023-05-27,2374.0,755.2,,3.45,,Strategic,Carve-out,Quartz Learning is a fictional test prep company serving middle-market customers.,Broadens product capabilities and strengthens the acquirer's vertical specialization.,0.67,0.73
79,Yardley Life,Pacific Consolidated,Beauty & Wellness,Wellness Services,North America,2023-06-17,940.8,608.0,122.0,1.33,9.46,Corporate,Add-on,Yardley Life is a fictional wellness services company serving middle-market customers.,Combines complementary customer relationships and increases density in priority geographies.,0.66,0.72
80,Vector Logic,Cobalt Peak Partners,Software,DevOps,United Kingdom,2023-06-19,2739.1,518.5,95.0,8.9,17.57,Sponsor,Platform,Vector Logic is a fictional devops company serving middle-market customers.,Supports a buy-and-build strategy with operational synergies and procurement leverage.,0.64,0.81
81,Quartz Care,Lattice Global,Healthcare Services,Dental Services,Nordics,2023-07-02,101.4,44.7,11.6,1.47,11.74,Corporate,Growth recapitalization,Quartz Care is a fictional dental services company serving middle-market customers.,Supports a buy-and-build strategy with operational synergies and procurement leverage.,0.67,0.76
82,Quartz Brands,Pacific Consolidated,Consumer,Outdoor Goods,Nordics,2023-07-20,,590.8,140.2,,,Corporate,Merger,Quartz Brands is a fictional outdoor goods company serving middle-market customers.,Supports a buy-and-build strategy with operational synergies and procurement leverage.,0.96,0.81
83,Yardley Manufacturing,Arbor Ridge Capital,Industrials,Specialty Manufacturing,APAC,2023-07-31,1446.0,559.8,84.0,3.8,9.48,Sponsor,Add-on,Yardley Manufacturing is a fictional specialty manufacturing company serving middle-market customers.,Broadens product capabilities and strengthens the acquirer's vertical specialization.,0.8,0.8
84,Cedar Capital Services,Northstar Health Group,Financial Services,Compliance Tech,United Kingdom,2023-08-10,1593.7,376.9,89.5,6.8,10.62,Strategic,Platform,Cedar Capital Services is a fictional compliance tech company serving middle-market customers.,Provides scale benefits and creates a stronger platform for strategic or sponsor exit optionality.,0.75,0.65
85,Noble Services,Redwood Harbor Capital,Business Services,Consulting,APAC,2023-08-06,1342.5,553.6,127.8,1.38,14.64,Sponsor,Growth recapitalization,Noble Services is a fictional consulting company serving middle-market customers.,Provides scale benefits and creates a stronger platform for strategic or sponsor exit optionality.,0.63,0.66
86,Willow Grid,Arbor Ridge Capital,Energy Transition,Grid Software,Latin America,2023-08-28,481.9,154.1,27.2,4.17,16.52,Sponsor,Platform,Willow Grid is a fictional grid software company serving middle-market customers.,Broadens product capabilities and strengthens the acquirer's vertical specialization.,0.8,0.77
87,Noble Interactive,Meridian Financial Group,Media & Entertainment,Gaming Services,Latin America,2023-09-11,1547.4,394.8,98.5,3.02,18.71,Strategic,Take-private,Noble Interactive is a fictional gaming services company serving middle-market customers.,Supports a buy-and-build strategy with operational synergies and procurement leverage.,0.86,0.87
88,Helio Learning,Mariner Growth Partners,Education,Professional Learning,North America,2023-09-05,2669.1,613.1,158.4,4.45,16.47,Sponsor,Carve-out,Helio Learning is a fictional professional learning company serving middle-market customers.,Provides scale benefits and creates a stronger platform for strategic or sponsor exit optionality.,0.91,0.82
89,Terra Life,Briar Hall Holdings,Beauty & Wellness,Personal Care Brands,Western Europe,2023-09-20,1089.0,355.3,,3.3,,Family Office,Add-on,Terra Life is a fictional personal care brands company serving middle-market customers.,Broadens product capabilities and strengthens the acquirer's vertical specialization.,0.94,0.9
90,Kite Stack,HarborPoint Brands,Software,DevOps,APAC,2023-10-05,3841.8,441.4,156.1,11.66,19.99,Strategic,Add-on,Kite Stack is a fictional devops company serving middle-market customers.,Combines complementary customer relationships and increases density in priority geographies.,0.67,0.74
91,Terra Care,HarborPoint Brands,Healthcare Services,Dental Services,North America,2023-10-21,2350.9,802.0,116.0,3.76,14.69,Strategic,Carve-out,Terra Care is a fictional dental services company serving middle-market customers.,Combines complementary customer relationships and increases density in priority geographies.,0.85,0.89
92,Signal Brands,Arbor Ridge Capital,Consumer,Specialty Retail,North America,2023-10-29,1869.1,758.8,133.8,3.46,10.98,Sponsor,Add-on,Signal Brands is a fictional specialty retail company serving middle-market customers.,Provides scale benefits and creates a stronger platform for strategic or sponsor exit optionality.,0.69,0.84
93,Lumen Components,Longview Legacy Partners,Industrials,Packaging,North America,2023-11-17,1936.7,840.2,133.0,2.32,14.36,Family Office,Platform,Lumen Components is a fictional packaging company serving middle-market customers.,"Adds proprietary data, workflow depth, or specialized talent that improves competitive positioning.",0.93,0.78
94,Orion Risk,Lattice Global,Financial Services,Wealth Management,Latin America,2023-11-28,1193.0,285.1,,4.35,,Corporate,Platform,Orion Risk is a fictional wealth management company serving middle-market customers.,Supports a buy-and-build strategy with operational synergies and procurement leverage.,0.64,0.73
95,Ridge Operations,Sage Rock Holdings,Business Services,BPO,North America,2023-11-25,1558.4,469.2,111.9,2.57,15.2,Family Office,Add-on,Ridge Operations is a fictional bpo company serving middle-market customers.,Creates a regional consolidation platform in a fragmented market with clear add-on potential.,0.76,0.79
96,Terra Renewables,EverBloom Consumer Health,Energy Transition,Efficiency Services,North America,2023-12-18,1222.5,530.3,64.6,2.43,14.49,Strategic,Platform,Terra Renewables is a fictional efficiency services company serving middle-market customers.,Adds recurring revenue and expands cross-sell opportunities across an installed customer base.,0.67,0.75
97,Ridge Events,Stonebridge Equity,Media & Entertainment,Live Events,Western Europe,2023-12-27,2662.8,762.2,85.6,6.14,13.34,Sponsor,Growth recapitalization,Ridge Events is a fictional live events company serving middle-market customers.,Combines complementary customer relationships and increases density in priority geographies.,0.79,0.65
98,Umbra Training,UnionBridge Holdings,Education,K-12 Services,North America,2024-01-06,1285.7,280.9,71.3,5.64,13.85,Corporate,Platform,Umbra Training is a fictional k-12 services company serving middle-market customers.,Provides scale benefits and creates a stronger platform for strategic or sponsor exit optionality.,0.68,0.85
99,Juniper Life,UnionBridge Holdings,Beauty & Wellness,Personal Care Brands,Western Europe,2024-01-03,1944.1,703.4,115.1,3.77,14.3,Corporate,Carve-out,Juniper Life is a fictional personal care brands company serving middle-market customers.,Provides scale benefits and creates a stronger platform for strategic or sponsor exit optionality.,0.93,0.88
100,Beacon Analytics,Lattice Global,Software,Vertical SaaS,United Kingdom,2024-01-16,4194.1,489.0,185.7,8.78,18.09,Corporate,Take-private,Beacon Analytics is a fictional vertical saas company serving middle-market customers.,Combines complementary customer relationships and increases density in priority geographies.,0.84,0.7
101,Elm Clinics,Meridian Financial Group,Healthcare Services,Behavioral Health,North America,2024-01-28,3472.3,801.9,222.3,4.27,14.55,Strategic,Carve-out,Elm Clinics is a fictional behavioral health company serving middle-market customers.,"Adds proprietary data, workflow depth, or specialized talent that improves competitive positioning.",0.94,0.77
102,Orion Products,Founder Consortium,Consumer,Outdoor Goods,United Kingdom,2024-02-10,172.2,62.6,14.6,1.45,15.54,Other,Platform,Orion Products is a fictional outdoor goods company serving middle-market customers.,Accelerates entry into a higher-growth subsector with attractive margin expansion potential.,0.71,0.86
103,Drift Manufacturing,BlueRiver Industrials,Industrials,Specialty Manufacturing,Western Europe,2024-02-13,237.7,110.4,17.2,2.62,13.74,Strategic,Platform,Drift Manufacturing is a fictional specialty manufacturing company serving middle-market customers.,Combines complementary customer relationships and increases density in priority geographies.,0.74,0.85
104,Umbra Risk,Pacific Consolidated,Financial Services,Insurance Brokerage,North America,2024-03-11,,635.2,198.9,,,Corporate,Growth recapitalization,Umbra Risk is a fictional insurance brokerage company serving middle-market customers.,Combines complementary customer relationships and increases density in priority geographies.,0.94,0.64
105,Terra Services,Ironcrest Partners,Business Services,BPO,United Kingdom,2024-03-14,1179.1,401.5,84.2,2.93,16.48,Sponsor,Carve-out,Terra Services is a fictional bpo company serving middle-market customers.,Broadens product capabilities and strengthens the acquirer's vertical specialization.,0.63,0.75
106,Beacon Solar,Hudson Vale Capital,Energy Transition,Grid Software,APAC,2024-03-21,1979.6,530.2,,4.49,,Sponsor,Platform,Beacon Solar is a fictional grid software company serving middle-market customers.,"Adds proprietary data, workflow depth, or specialized talent that improves competitive positioning.",0.7,0.89
107,Juniper Network,EverBloom Consumer Health,Media & Entertainment,Creator Tools,United Kingdom,2024-03-27,623.4,243.0,35.8,2.85,16.07,Strategic,Carve-out,Juniper Network is a fictional creator tools company serving middle-market customers.,Combines complementary customer relationships and increases density in priority geographies.,0.75,0.71
108,Juniper Training,Westlake Sponsor Group,Education,EdTech,APAC,2024-04-30,3415.2,840.8,142.8,4.86,17.56,Sponsor,Platform,Juniper Training is a fictional edtech company serving middle-market customers.,Provides scale benefits and creates a stronger platform for strategic or sponsor exit optionality.,0.81,0.76
109,Forge Life,BrightPath Learning,Beauty & Wellness,Personal Care Brands,Nordics,2024-05-04,529.5,194.2,42.1,2.04,15.5,Strategic,Add-on,Forge Life is a fictional personal care brands company serving middle-market customers.,"Adds proprietary data, workflow depth, or specialized talent that improves competitive positioning.",0.78,0.66
110,Prairie Cloud,Keystone Operating Company,Software,FinTech Software,Latin America,2024-05-22,167.6,45.9,10.6,4.54,15.94,Corporate,Add-on,Prairie Cloud is a fictional fintech software company serving middle-market customers.,Combines complementary customer relationships and increases density in priority geographies.,0.77,0.89
111,Umbra Medical,Redwood Harbor Capital,Healthcare Services,Revenue Cycle,North America,2024-05-24,2706.0,742.8,196.9,2.77,15.5,Sponsor,Platform,Umbra Medical is a fictional revenue cycle company serving middle-market customers.,Accelerates entry into a higher-growth subsector with attractive margin expansion potential.,0.92,0.89
112,Noble Foods,Redwood Harbor Capital,Consumer,Outdoor Goods,Western Europe,2024-06-07,,339.8,44.9,,,Sponsor,Merger,Noble Foods is a fictional outdoor goods company serving middle-market customers.,Adds recurring revenue and expands cross-sell opportunities across an installed customer base.,0.71,0.66
113,Juniper Automation,EverBloom Consumer Health,Industrials,Specialty Manufacturing,North America,2024-06-22,1312.7,606.1,70.8,3.49,11.55,Strategic,Merger,Juniper Automation is a fictional specialty manufacturing company serving middle-market customers.,Supports a buy-and-build strategy with operational synergies and procurement leverage.,0.83,0.89
114,Lumen Risk,HarborPoint Brands,Financial Services,Payments,North America,2024-07-03,1540.8,456.5,107.0,3.33,14.01,Strategic,Add-on,Lumen Risk is a fictional payments company serving middle-market customers.,"Adds proprietary data, workflow depth, or specialized talent that improves competitive positioning.",0.9,0.75
115,Ivy Partners,Mariner Growth Partners,Business Services,Human Capital,Western Europe,2024-07-05,403.5,179.1,35.0,2.01,10.88,Sponsor,Platform,Ivy Partners is a fictional human capital company serving middle-market customers.,Accelerates entry into a higher-growth subsector with attractive margin expansion potential.,0.71,0.75
116,Orion Renewables,Longview Legacy Partners,Energy Transition,Solar Services,North America,2024-07-06,1398.8,,,,,Family Office,Platform,Orion Renewables is a fictional solar services company serving middle-market customers.,Supports a buy-and-build strategy with operational synergies and procurement leverage.,0.73,0.94
117,Juniper Interactive,Management Investor Group,Media & Entertainment,Sports Media,Western Europe,2024-08-07,2137.6,849.6,141.6,2.88,15.39,Other,Add-on,Juniper Interactive is a fictional sports media company serving middle-market customers.,Combines complementary customer relationships and increases density in priority geographies.,0.75,0.93
118,Quartz Training,Summit Media Network,Education,Test Prep,United Kingdom,2024-08-19,2326.3,718.3,184.1,3.33,12.02,Strategic,Add-on,Quartz Training is a fictional test prep company serving middle-market customers.,Accelerates entry into a higher-growth subsector with attractive margin expansion potential.,0.74,0.77
119,Quartz Life,Ironcrest Partners,Beauty & Wellness,Skincare,North America,2024-08-14,2461.9,655.5,136.3,4.42,15.78,Sponsor,Merger,Quartz Life is a fictional skincare company serving middle-market customers.,Adds recurring revenue and expands cross-sell opportunities across an installed customer base.,0.81,0.92
120,Umbra Analytics,Management Investor Group,Software,Vertical SaaS,APAC,2024-09-10,187.4,33.2,6.9,10.14,13.92,Other,Merger,Umbra Analytics is a fictional vertical saas company serving middle-market customers.,Provides scale benefits and creates a stronger platform for strategic or sponsor exit optionality.,0.63,0.82
121,Elm Medical,BrightPath Learning,Healthcare Services,Revenue Cycle,North America,2024-09-20,790.8,253.8,70.2,1.41,15.51,Strategic,Platform,Elm Medical is a fictional revenue cycle company serving middle-market customers.,Combines complementary customer relationships and increases density in priority geographies.,0.91,0.73
122,Elm Foods,VoltEdge Energy,Consumer,Specialty Retail,North America,2024-09-22,1423.5,492.4,117.5,2.0,13.47,Strategic,Add-on,Elm Foods is a fictional specialty retail company serving middle-market customers.,Adds recurring revenue and expands cross-sell opportunities across an installed customer base.,0.85,0.87
123,Vector Manufacturing,Redwood Harbor Capital,Industrials,Automation,North America,2024-10-09,1876.7,,127.3,,9.88,Sponsor,Merger,Vector Manufacturing is a fictional automation company serving middle-market customers.,Combines complementary customer relationships and increases density in priority geographies.,0.94,0.83
124,Quartz Capital Services,Crescent Business Solutions,Financial Services,Insurance Brokerage,North America,2024-09-30,3858.8,,217.4,,15.41,Strategic,Growth recapitalization,Quartz Capital Services is a fictional insurance brokerage company serving middle-market customers.,Broadens product capabilities and strengthens the acquirer's vertical specialization.,0.9,0.87
125,Beacon Group,Ironcrest Partners,Business Services,Facility Services,Nordics,2024-10-12,205.3,108.3,16.5,1.48,14.08,Sponsor,Add-on,Beacon Group is a fictional facility services company serving middle-market customers.,Accelerates entry into a higher-growth subsector with attractive margin expansion potential.,0.75,0.95
126,Kite Mobility,EverBloom Consumer Health,Energy Transition,Battery Services,North America,2024-11-12,1026.9,340.4,78.7,3.78,13.05,Strategic,Platform,Kite Mobility is a fictional battery services company serving middle-market customers.,Adds recurring revenue and expands cross-sell opportunities across an installed customer base.,0.96,0.79
127,Terra Studios,Northstar Health Group,Media & Entertainment,Creator Tools,North America,2024-11-07,995.2,382.3,68.5,4.22,10.06,Strategic,Add-on,Terra Studios is a fictional creator tools company serving middle-market customers.,Creates a regional consolidation platform in a fragmented market with clear add-on potential.,0.88,0.82
128,Kite Skills,Stonebridge Equity,Education,EdTech,North America,2024-12-04,716.9,341.0,45.1,3.0,13.71,Sponsor,Add-on,Kite Skills is a fictional edtech company serving middle-market customers.,Provides scale benefits and creates a stronger platform for strategic or sponsor exit optionality.,0.83,0.7
129,Noble Beauty,Apex Systems Holdings,Beauty & Wellness,Medical Spa,North America,2024-12-06,1039.3,301.1,69.7,4.76,11.41,Strategic,Merger,Noble Beauty is a fictional medical spa company serving middle-market customers.,Accelerates entry into a higher-growth subsector with attractive margin expansion potential.,0.79,0.7
130,Elm Logic,Search Fund Partners,Software,FinTech Software,Western Europe,2024-12-28,3973.4,599.3,166.7,9.65,16.27,Other,Add-on,Elm Logic is a fictional fintech software company serving middle-market customers.,Adds recurring revenue and expands cross-sell opportunities across an installed customer base.,0.96,0.79
131,Aster Partners,Mariner Growth Partners,Healthcare Services,Behavioral Health,North America,2025-01-07,323.7,84.8,21.7,4.47,15.41,Sponsor,Merger,Aster Partners is a fictional behavioral health company serving middle-market customers.,Provides scale benefits and creates a stronger platform for strategic or sponsor exit optionality.,0.83,0.82
132,Noble Products,Ironcrest Partners,Consumer,Specialty Retail,Latin America,2025-01-18,2024.9,764.1,133.8,3.61,8.96,Sponsor,Growth recapitalization,Noble Products is a fictional specialty retail company serving middle-market customers.,"Adds proprietary data, workflow depth, or specialized talent that improves competitive positioning.",0.97,0.75
133,Lumen Controls,Northstar Health Group,Industrials,Testing & Inspection,North America,2025-01-15,581.7,210.5,45.2,2.96,13.79,Strategic,Merger,Lumen Controls is a fictional testing & inspection company serving middle-market customers.,Provides scale benefits and creates a stronger platform for strategic or sponsor exit optionality.,0.66,0.78
134,Yardley Advisors,HarborPoint Brands,Financial Services,Insurance Brokerage,Nordics,2025-01-29,890.2,284.4,68.8,3.05,13.35,Strategic,Platform,Yardley Advisors is a fictional insurance brokerage company serving middle-market customers.,Supports a buy-and-build strategy with operational synergies and procurement leverage.,0.85,0.86
135,Elm Partners,Juniper Family Capital,Business Services,IT Services,North America,2025-02-14,423.3,171.4,24.4,3.12,15.8,Family Office,Carve-out,Elm Partners is a fictional it services company serving middle-market customers.,Accelerates entry into a higher-growth subsector with attractive margin expansion potential.,0.78,0.78
136,Aster Mobility,Pacific Consolidated,Energy Transition,Solar Services,Western Europe,2025-02-17,1783.9,646.4,153.5,2.32,11.41,Corporate,Carve-out,Aster Mobility is a fictional solar services company serving middle-market customers.,"Adds proprietary data, workflow depth, or specialized talent that improves competitive positioning.",0.84,0.83
137,Umbra Media,Westlake Sponsor Group,Media & Entertainment,Creator Tools,North America,2025-03-11,832.2,169.8,33.6,5.77,20.23,Sponsor,Platform,Umbra Media is a fictional creator tools company serving middle-market customers.,"Adds proprietary data, workflow depth, or specialized talent that improves competitive positioning.",0.77,0.69
138,Noble Learning,Westlake Sponsor Group,Education,Test Prep,APAC,2025-03-23,1835.1,469.7,120.8,6.05,10.77,Sponsor,Merger,Noble Learning is a fictional test prep company serving middle-market customers.,Provides scale benefits and creates a stronger platform for strategic or sponsor exit optionality.,0.67,0.91
139,Drift Aesthetics,Westlake Sponsor Group,Beauty & Wellness,Personal Care Brands,Western Europe,2025-03-27,1980.3,,115.1,,13.66,Sponsor,Platform,Drift Aesthetics is a fictional personal care brands company serving middle-market customers.,Provides scale benefits and creates a stronger platform for strategic or sponsor exit optionality.,0.82,0.89
140,Juniper Cloud,Cobalt Peak Partners,Software,FinTech Software,United Kingdom,2025-04-12,1186.3,,40.8,,19.39,Sponsor,Carve-out,Juniper Cloud is a fictional fintech software company serving middle-market customers.,Accelerates entry into a higher-growth subsector with attractive margin expansion potential.,0.73,0.97
141,Kite Health,Northstar Health Group,Healthcare Services,Revenue Cycle,Western Europe,2025-04-19,2200.1,739.3,102.6,4.53,10.18,Strategic,Growth recapitalization,Kite Health is a fictional revenue cycle company serving middle-market customers.,Accelerates entry into a higher-growth subsector with attractive margin expansion potential.,0.91,0.83
142,Lumen Brands,BrightPath Learning,Consumer,Household Products,Latin America,2025-04-21,672.9,294.0,58.4,2.29,9.87,Strategic,Take-private,Lumen Brands is a fictional household products company serving middle-market customers.,Broadens product capabilities and strengthens the acquirer's vertical specialization.,0.87,0.68
143,Beacon Manufacturing,Pacific Consolidated,Industrials,Engineered Components,Western Europe,2025-05-21,1430.4,721.4,,1.58,,Corporate,Add-on,Beacon Manufacturing is a fictional engineered components company serving middle-market customers.,Supports a buy-and-build strategy with operational synergies and procurement leverage.,0.78,0.8
144,Prairie Payments,Northstar Health Group,Financial Services,Compliance Tech,North America,2025-05-31,4451.2,827.1,226.9,5.58,16.65,Strategic,Add-on,Prairie Payments is a fictional compliance tech company serving middle-market customers.,Broadens product capabilities and strengthens the acquirer's vertical specialization.,0.82,0.8
145,Helio Services,Briar Hall Holdings,Business Services,Consulting,APAC,2025-05-20,289.4,109.9,,2.78,,Family Office,Add-on,Helio Services is a fictional consulting company serving middle-market customers.,Combines complementary customer relationships and increases density in priority geographies.,0.65,0.76
146,Granite Renewables,Stonebridge Equity,Energy Transition,Solar Services,North America,2025-05-31,1510.2,353.8,,6.55,,Sponsor,Growth recapitalization,Granite Renewables is a fictional solar services company serving middle-market customers.,Adds recurring revenue and expands cross-sell opportunities across an installed customer base.,0.62,0.75
147,Helio Media,Evergreen Holding Co.,Media & Entertainment,Digital Media,North America,2025-07-02,318.9,136.6,13.8,3.66,16.74,Other,Carve-out,Helio Media is a fictional digital media company serving middle-market customers.,Broadens product capabilities and strengthens the acquirer's vertical specialization.,0.78,0.88
148,Mosaic Learning,Sage Rock Holdings,Education,EdTech,North America,2025-06-27,316.6,99.3,12.5,5.21,13.51,Family Office,Carve-out,Mosaic Learning is a fictional edtech company serving middle-market customers.,Combines complementary customer relationships and increases density in priority geographies.,0.9,0.87
149,Beacon Spa Group,EverBloom Consumer Health,Beauty & Wellness,Fitness,North America,2025-07-18,675.9,183.1,34.9,4.18,14.95,Strategic,Merger,Beacon Spa Group is a fictional fitness company serving middle-market customers.,Adds recurring revenue and expands cross-sell opportunities across an installed customer base.,0.98,0.95
150,Helio Labs,Redwood Harbor Capital,Software,Cybersecurity,Western Europe,2025-07-24,3155.8,477.1,,8.92,,Sponsor,Carve-out,Helio Labs is a fictional cybersecurity company serving middle-market customers.,"Adds proprietary data, workflow depth, or specialized talent that improves competitive positioning.",0.77,0.77
151,Drift Care,Stonebridge Equity,Healthcare Services,Dental Services,North America,2025-08-01,316.2,96.7,12.8,4.95,18.29,Sponsor,Add-on,Drift Care is a fictional dental services company serving middle-market customers.,Accelerates entry into a higher-growth subsector with attractive margin expansion potential.,0.64,0.67
152,Terra Products,EverBloom Consumer Health,Consumer,Specialty Retail,Western Europe,2025-08-23,169.8,73.2,,3.69,,Strategic,Take-private,Terra Products is a fictional specialty retail company serving middle-market customers.,Combines complementary customer relationships and increases density in priority geographies.,0.68,0.68
153,Beacon Automation,Atlas Enterprise Group,Industrials,Packaging,North America,2025-09-08,1608.0,767.7,120.5,2.54,12.51,Corporate,Take-private,Beacon Automation is a fictional packaging company serving middle-market customers.,Broadens product capabilities and strengthens the acquirer's vertical specialization.,0.75,0.72
154,Lumen Capital Services,Briar Hall Holdings,Financial Services,Insurance Brokerage,Nordics,2025-09-02,2095.7,636.9,102.2,6.42,9.11,Family Office,Growth recapitalization,Lumen Capital Services is a fictional insurance brokerage company serving middle-market customers.,"Adds proprietary data, workflow depth, or specialized talent that improves competitive positioning.",0.7,0.72
155,Beacon Group,Northstar Health Group,Business Services,Consulting,Nordics,2025-09-24,1051.5,334.4,63.6,4.25,9.72,Strategic,Add-on,Beacon Group is a fictional consulting company serving middle-market customers.,Creates a regional consolidation platform in a fragmented market with clear add-on potential.,0.82,0.64
156,Terra Grid,Meridian Financial Group,Energy Transition,EV Infrastructure,North America,2025-10-10,2408.0,539.9,96.6,5.84,15.85,Strategic,Add-on,Terra Grid is a fictional ev infrastructure company serving middle-market customers.,Accelerates entry into a higher-growth subsector with attractive margin expansion potential.,0.81,0.85
157,Ridge Network,Management Investor Group,Media & Entertainment,Digital Media,North America,2025-10-22,2106.0,568.3,128.3,5.4,10.07,Other,Merger,Ridge Network is a fictional digital media company serving middle-market customers.,"Adds proprietary data, workflow depth, or specialized talent that improves competitive positioning.",0.87,0.76
158,Cedar Skills,Stonebridge Equity,Education,Workforce Training,North America,2025-10-29,2211.8,702.0,85.6,4.34,13.17,Sponsor,Add-on,Cedar Skills is a fictional workforce training company serving middle-market customers.,Creates a regional consolidation platform in a fragmented market with clear add-on potential.,0.96,0.68
159,Ridge Aesthetics,Northstar Health Group,Beauty & Wellness,Personal Care Brands,Nordics,2025-10-25,839.7,397.5,70.2,1.9,11.63,Strategic,Add-on,Ridge Aesthetics is a fictional personal care brands company serving middle-market customers.,Adds recurring revenue and expands cross-sell opportunities across an installed customer base.,0.7,0.92
160,Juniper Logic,BlueRiver Industrials,Software,Cybersecurity,North America,2025-11-11,1897.3,353.7,67.1,7.35,24.07,Strategic,Platform,Juniper Logic is a fictional cybersecurity company serving middle-market customers.,Broadens product capabilities and strengthens the acquirer's vertical specialization.,0.66,0.66
161,Noble Partners,VoltEdge Energy,Healthcare Services,Behavioral Health,Nordics,2025-11-22,1804.4,,159.9,,13.5,Strategic,Platform,Noble Partners is a fictional behavioral health company serving middle-market customers.,Supports a buy-and-build strategy with operational synergies and procurement leverage.,0.66,0.95
162,Willow Brands,EverBloom Consumer Health,Consumer,Food & Beverage,Western Europe,2025-12-05,1124.6,703.4,109.2,1.3,13.46,Strategic,Carve-out,Willow Brands is a fictional food & beverage company serving middle-market customers.,Combines complementary customer relationships and increases density in priority geographies.,0.8,0.93
163,Ridge Automation,Meridian Financial Group,Industrials,Testing & Inspection,Western Europe,2025-12-15,402.7,140.8,19.4,4.05,12.52,Strategic,Growth recapitalization,Ridge Automation is a fictional testing & inspection company serving middle-market customers.,Supports a buy-and-build strategy with operational synergies and procurement leverage.,0.95,0.81
164,Drift Financial,Apex Systems Holdings,Financial Services,Specialty Lending,North America,2025-12-24,2131.5,518.8,85.7,6.17,11.53,Strategic,Carve-out,Drift Financial is a fictional specialty lending company serving middle-market customers.,Combines complementary customer relationships and increases density in priority geographies.,0.81,0.9
165,Terra Group,Pacific Consolidated,Business Services,Facility Services,APAC,2026-01-12,2363.0,723.8,167.7,2.49,14.87,Corporate,Platform,Terra Group is a fictional facility services company serving middle-market customers.,Supports a buy-and-build strategy with operational synergies and procurement leverage.,0.96,0.83
166,Elm Grid,Evergreen Holding Co.,Energy Transition,Efficiency Services,North America,2026-01-22,644.9,282.0,,2.56,,Other,Platform,Elm Grid is a fictional efficiency services company serving middle-market customers.,Supports a buy-and-build strategy with operational synergies and procurement leverage.,0.64,0.69
167,Mosaic Interactive,Lattice Global,Media & Entertainment,Sports Media,United Kingdom,2026-01-27,3007.7,817.6,122.5,6.63,13.17,Corporate,Platform,Mosaic Interactive is a fictional sports media company serving middle-market customers.,Supports a buy-and-build strategy with operational synergies and procurement leverage.,0.7,0.83
168,Kite Training,Mariner Growth Partners,Education,EdTech,North America,2026-01-31,597.0,174.1,19.2,5.08,14.44,Sponsor,Carve-out,Kite Training is a fictional edtech company serving middle-market customers.,Provides scale benefits and creates a stronger platform for strategic or sponsor exit optionality.,0.67,0.89
169,Yardley Wellness,Ironcrest Partners,Beauty & Wellness,Skincare,North America,2026-02-12,2747.5,550.9,,5.06,,Sponsor,Growth recapitalization,Yardley Wellness is a fictional skincare company serving middle-market customers.,Adds recurring revenue and expands cross-sell opportunities across an installed customer base.,0.64,0.78
170,Quartz Cloud,Evergreen Holding Co.,Software,FinTech Software,Nordics,2026-03-05,5661.2,752.8,188.4,8.23,24.19,Other,Platform,Quartz Cloud is a fictional fintech software company serving middle-market customers.,Adds recurring revenue and expands cross-sell opportunities across an installed customer base.,0.73,0.95
171,Yardley Health,Redwood Harbor Capital,Healthcare Services,Specialty Physician,Western Europe,2026-03-06,,629.7,130.7,,,Sponsor,Add-on,Yardley Health is a fictional specialty physician company serving middle-market customers.,Adds recurring revenue and expands cross-sell opportunities across an installed customer base.,0.66,0.71
172,Noble Products,Mariner Growth Partners,Consumer,Pet Products,Western Europe,2026-03-28,455.4,259.4,34.6,1.41,13.5,Sponsor,Platform,Noble Products is a fictional pet products company serving middle-market customers.,Accelerates entry into a higher-growth subsector with attractive margin expansion potential.,0.68,0.74
173,Kite Manufacturing,Cobalt Peak Partners,Industrials,Automation,North America,2026-03-28,2071.0,673.2,118.4,4.18,11.32,Sponsor,Add-on,Kite Manufacturing is a fictional automation company serving middle-market customers.,Combines complementary customer relationships and increases density in priority geographies.,0.7,0.73
174,Yardley Risk,Northstar Health Group,Financial Services,Insurance Brokerage,Western Europe,2026-03-28,2455.7,,176.3,,15.81,Strategic,Add-on,Yardley Risk is a fictional insurance brokerage company serving middle-market customers.,Combines complementary customer relationships and increases density in priority geographies.,0.65,0.94
175,Elm Partners,Stonebridge Equity,Business Services,Facility Services,North America,2026-03-28,2312.6,808.3,,4.51,,Sponsor,Take-private,Elm Partners is a fictional facility services company serving middle-market customers.,Broadens product capabilities and strengthens the acquirer's vertical specialization.,0.92,0.73
176,Lumen Mobility,BrightPath Learning,Energy Transition,Solar Services,North America,2026-03-28,2236.4,481.8,118.3,5.48,20.66,Strategic,Carve-out,Lumen Mobility is a fictional solar services company serving middle-market customers.,Creates a regional consolidation platform in a fragmented market with clear add-on potential.,0.95,0.83
177,Granite Interactive,Lattice Global,Media & Entertainment,Digital Media,North America,2026-03-28,2540.1,749.6,99.1,5.15,15.05,Corporate,Merger,Granite Interactive is a fictional digital media company serving middle-market customers.,Supports a buy-and-build strategy with operational synergies and procurement leverage.,0.87,0.66
178,Terra Education,Longview Legacy Partners,Education,Test Prep,Nordics,2026-03-28,1154.7,305.7,72.5,3.19,15.66,Family Office,Add-on,Terra Education is a fictional test prep company serving middle-market customers.,"Adds proprietary data, workflow depth, or specialized talent that improves competitive positioning.",0.84,0.67
179,Drift Spa Group,VoltEdge Energy,Beauty & Wellness,Wellness Services,North America,2026-03-28,1124.9,,90.8,,9.28,Strategic,Platform,Drift Spa Group is a fictional wellness services company serving middle-market customers.,Accelerates entry into a higher-growth subsector with attractive margin expansion potential.,0.92,0.72
180,Cedar Logic,Crescent Business Solutions,Software,FinTech Software,Latin America,2026-03-28,1401.5,191.7,48.6,9.06,18.36,Strategic,Add-on,Cedar Logic is a fictional fintech software company serving middle-market customers.,Supports a buy-and-build strategy with operational synergies and procurement leverage.,0.74,0.92
